{"name":"ba4d1633-5d7a-420f-8cd5-2944ee946456","id":"/providers/Microsoft.Flow/flows/ba4d1633-5d7a-420f-8cd5-2944ee946456","type":"Microsoft.Flow/flows","properties":{"apiId":"/providers/Microsoft.PowerApps/apis/shared_logicflows","displayName":"Análise de Despesas","definition":{"metadata":{"workflowEntityId":null,"processAdvisorMetadata":null,"flowChargedByPaygo":null,"flowclientsuspensionreason":"None","flowclientsuspensiontime":null,"flowclientsuspensionreasondetails":null,"creator":{"id":"26564f4c-64ec-4559-bc86-c0a340d9b8a1","type":"User","tenantId":"b29ff5b4-d1a3-4d02-9f5b-cf46231ed790"},"provisioningMethod":"FromDefinition","failureAlertSubscription":true,"clientLastModifiedTime":"2025-10-21T18:52:28.3624671Z","connectionKeySavedTimeKey":"2025-10-21T18:52:28.3624671Z","creationSource":null},"$schema":"https://schema.management.azure.com/providers/Microsoft.Logic/schemas/2016-06-01/workflowdefinition.json#","contentVersion":"1.0.0.0","parameters":{"$connections":{"defaultValue":{},"type":"Object"},"$authentication":{"defaultValue":{},"type":"SecureObject"}},"triggers":{"When_a_new_email_arrives_(V2)":{"splitOn":"@triggerOutputs()?['body/value']","metadata":{"operationMetadataId":"f44e4829-e783-4d49-95b9-7db3947bce7f"},"type":"OpenApiConnectionNotification","inputs":{"host":{"apiId":"/providers/Microsoft.PowerApps/apis/shared_outlook","connectionName":"shared_outlook","operationId":"OnNewEmailV2"},"parameters":{"folderPath":"Inbox","includeAttachments":false,"subjectFilter":"Base de Despesas Mensais","importance":"Any","fetchOnlyWithAttachment":false},"authentication":"@parameters('$authentication')"}}},"actions":{"Lista_Total_Custos":{"runAfter":{},"metadata":{"5CE4EAF4DCD9BF0!s17842c473a7f4d59b442156faf18b92b":"/Documents/Power Automate/BasePlanejamentoCustos.xlsx","operationMetadataId":"5af4ee51-31b5-469c-b6cd-48147ca96410"},"type":"OpenApiConnection","inputs":{"host":{"apiId":"/providers/Microsoft.PowerApps/apis/shared_excelonline","connectionName":"shared_excelonline","operationId":"GetItems"},"parameters":{"file":"5CE4EAF4DCD9BF0!s17842c473a7f4d59b442156faf18b92b","table":"{85EDB1B6-81AD-4328-A91C-37DEFA80EDD4}"},"authentication":"@parameters('$authentication')"}},"Lista_Despesas":{"runAfter":{"Lista_Total_Custos":["Succeeded"]},"metadata":{"5CE4EAF4DCD9BF0!s17842c473a7f4d59b442156faf18b92b":"/Documents/Power Automate/BasePlanejamentoCustos.xlsx","operationMetadataId":"e19ed346-d49e-4339-a23d-b8eda403109b"},"type":"OpenApiConnection","inputs":{"host":{"apiId":"/providers/Microsoft.PowerApps/apis/shared_excelonline","connectionName":"shared_excelonline","operationId":"GetItems"},"parameters":{"file":"5CE4EAF4DCD9BF0!s17842c473a7f4d59b442156faf18b92b","table":"{1AFD1EDF-CE7F-4F9D-9301-97281EC146F6}"},"authentication":"@parameters('$authentication')"}},"Lista_Limites":{"runAfter":{"Lista_Despesas":["Succeeded"]},"metadata":{"5CE4EAF4DCD9BF0!s17842c473a7f4d59b442156faf18b92b":"/Documents/Power Automate/BasePlanejamentoCustos.xlsx","operationMetadataId":"87f61192-c2aa-4e11-90ef-e6c71f0fcc62"},"type":"OpenApiConnection","inputs":{"host":{"apiId":"/providers/Microsoft.PowerApps/apis/shared_excelonline","connectionName":"shared_excelonline","operationId":"GetItems"},"parameters":{"file":"5CE4EAF4DCD9BF0!s17842c473a7f4d59b442156faf18b92b","table":"{042BF49A-9832-4BA4-80C8-B110216888D4}"},"authentication":"@parameters('$authentication')"}},"Aplicar_a_cada":{"foreach":"@outputs('Lista_Total_Custos')?['body/value']","actions":{"Matriz_do_filtro":{"runAfter":{},"metadata":{"operationMetadataId":"f94bb0c3-660d-4d96-8db8-ebf5d1816f98"},"type":"Query","inputs":{"from":"@outputs('Lista_Limites')?['body/value']","where":"@equals(items('Aplicar_a_cada')?['Setor'], item()?['Setor'])"}},"Limite":{"runAfter":{"Matriz_do_filtro":["Succeeded"]},"metadata":{"operationMetadataId":"f2e87952-da24-4539-81d4-d6f79f60f913"},"type":"Compose","inputs":"@float(body('Matriz_do_filtro')[0]?['Limite'])"},"Margem":{"runAfter":{"Limite":["Succeeded"]},"metadata":{"operationMetadataId":"8dd99bfb-1e22-4c5e-a261-4c2d5c94eba9"},"type":"Compose","inputs":"@float(body('Matriz_do_filtro')[0]?['Margem'])"},"Limite_+_Margem":{"runAfter":{"Margem":["Succeeded"]},"metadata":{"operationMetadataId":"07732072-d492-47eb-8a2e-fe4061a40185"},"type":"Compose","inputs":"@mul(outputs('Limite'), add(1,outputs('Margem')))"},"Condição":{"actions":{"Matriz_do_filtro_2":{"runAfter":{},"metadata":{"operationMetadataId":"32bfd2da-f6f1-4dec-b885-e1a81726bcd6"},"type":"Query","inputs":{"from":"@outputs('Lista_Despesas')?['body/value']","where":"@equals(items('Aplicar_a_cada')?['Setor'], item()?['Setor'])"}},"Criar_Tabela_HTML":{"runAfter":{"Matriz_do_filtro_2":["Succeeded"]},"metadata":{"operationMetadataId":"d725f28e-5d5f-49b9-802f-0b3aa1c5bd3f"},"type":"Table","inputs":{"from":"@body('Matriz_do_filtro_2')","format":"HTML","columns":[{"header":"Setor","value":"@item()?['Setor']"},{"header":"Valor","value":"@item()?['Despesa (R$)']"},{"header":"Descrição","value":"@item()?['Descrição']"}]}},"Send_an_email_(V2)":{"runAfter":{"Email_+_CSS":["Succeeded"]},"metadata":{"operationMetadataId":"9655c8d9-ae4d-44b0-afac-cd4321b44632"},"type":"OpenApiConnection","inputs":{"host":{"apiId":"/providers/Microsoft.PowerApps/apis/shared_outlook","connectionName":"shared_outlook","operationId":"SendEmailV2"},"parameters":{"emailMessage/To":"jpsantanalima@gmail.com","emailMessage/Subject":"Despesas Aprovadas - @{items('Aplicar_a_cada')?['Setor']}","emailMessage/Body":"<p>@{outputs('Email_+_CSS')}</p>","emailMessage/Importance":"Normal"},"authentication":"@parameters('$authentication')"}},"Email_+_CSS":{"runAfter":{"Criar_Tabela_HTML":["Succeeded"]},"metadata":{"operationMetadataId":"863f85fc-9f70-4230-883d-8b84ccc8c8cb"},"type":"Compose","inputs":"<!DOCTYPE html>\n<html lang=\"en\">\n<head>\n  <meta charset=\"UTF-8\">\n  <meta name=\"viewport\" content=\"width=device-width, initial-scale=1.0\">\n  <title>Tabela Moderna</title>\n  <style>\nbody {\n      font-family: Arial, sans-serif;\n      background-color: #141414;\n      margin: 0;\n      padding: 20px;\n    }\n    .email-container {\n      background-color: #1e1e1e;\n      padding: 20px;\n      border-radius: 8px;\n      max-width: 600px;\n      margin: auto;\n      color: #ffffff;\n    }\n    .email-header {\n      text-align: center;\n      margin-bottom: 20px;\n    }\n    .email-header h1 {\n      font-size: 24px;\n      color: #00b894;\n    }\n    table {\n      width: 100%;\n      border-collapse: collapse;\n      margin: 20px 0;\n      table-layout: auto; /* Permite que as colunas se adaptem ao conteúdo */\n    }\n    table th, table td {\n      padding: 12px;\n      text-align: left;\n      border-bottom: 1px solid #3a3a3a;\n    }\n    table th {\n      background-color: #00b894;\n      color: #ffffff;\n      text-transform: uppercase;\n      font-size: 14px;\n    }\n    table td {\n      background-color: #282828;\n      color: #c8c8c8;\n      font-size: 14px;\n    }\n    table tr:hover td {\n      background-color: #004d40;\n      color: #ffffff;\n    }\n    .footer {\n      text-align: center;\n      margin-top: 20px;\n      font-size: 12px;\n      color: #888888;\n    }\n\n  </style>\n</head>\n<body>\n  <div class=\"email-container\">\n    <div class=\"email-header\">\n      <h1>Olá, @{items('Aplicar_a_cada')?['Nome']}</h1>\n<h1>Despesas aprovadas.</h1>\n    </div>\n    <table>\n     @{body('Criar_Tabela_HTML')}\n    </table>\n \n  </div>\n</body>\n</html>"}},"runAfter":{"Limite_+_Margem":["Succeeded"]},"else":{"actions":{"Send_an_email_(V2)_2":{"runAfter":{},"metadata":{"operationMetadataId":"dd543ceb-965e-41a5-9dbd-a1397fcfbe16"},"type":"OpenApiConnection","inputs":{"host":{"apiId":"/providers/Microsoft.PowerApps/apis/shared_outlook","connectionName":"shared_outlook","operationId":"SendEmailV2"},"parameters":{"emailMessage/To":"jpsantanalima@gmail.com","emailMessage/Subject":"Despesas Não Aprovadas - @{items('Aplicar_a_cada')?['Setor']}","emailMessage/Body":"<p>Olá, @{items('Aplicar_a_cada')?['Nome']}<br>\n<br>\nDespesa não aprovada, pois excederam o limite.</p>","emailMessage/Importance":"Normal"},"authentication":"@parameters('$authentication')"}}}},"expression":{"lessOrEquals":["@float( items('Aplicar_a_cada')?['Custo Planejado Mensal'] )","@outputs('Limite_+_Margem')"]},"metadata":{"operationMetadataId":"2afeeece-4e6f-43fe-ab0b-1827feccc921"},"type":"If"}},"runAfter":{"Lista_Limites":["Succeeded"]},"metadata":{"operationMetadataId":"86652226-d18e-4533-b675-4e2a11805476"},"type":"Foreach"}}},"connectionReferences":{"shared_excelonline":{"connectionName":"shared-excelonline-a217b463-71fa-4224-9b33-6618d65f4d44","source":"Embedded","id":"/providers/Microsoft.PowerApps/apis/shared_excelonline","tier":"NotSpecified","apiName":"excelonline","isProcessSimpleApiReferenceConversionAlreadyDone":false},"shared_outlook":{"connectionName":"shared-outlook-50438cca-06b8-4262-940c-d62e787b1c3f","source":"Embedded","id":"/providers/Microsoft.PowerApps/apis/shared_outlook","tier":"NotSpecified","apiName":"outlook","isProcessSimpleApiReferenceConversionAlreadyDone":false}},"flowFailureAlertSubscribed":false,"isManaged":false}}